timestamp,temp_amb,delta_time
2015-01-01 00:00:00,273.894,0.0
2015-01-02 00:00:00,275.95099999999996,86400.0
2015-01-03 00:00:00,278.027,172800.0
2015-01-04 00:00:00,279.32099999999997,259200.0
2015-01-05 00:00:00,278.34799999999996,345600.0
2015-01-06 00:00:00,277.998,432000.0
2015-01-07 00:00:00,278.10499999999996,518400.0
2015-01-08 00:00:00,278.62899999999996,604800.0
2015-01-09 00:00:00,279.142,691200.0
2015-01-10 00:00:00,280.82399999999996,777600.0
2015-01-11 00:00:00,281.056,864000.0
2015-01-12 00:00:00,280.13,950400.0
2015-01-13 00:00:00,279.517,1036800.0
2015-01-14 00:00:00,279.529,1123200.0
2015-01-15 00:00:00,279.856,1209600.0
2015-01-16 00:00:00,280.15799999999996,1296000.0
2015-01-17 00:00:00,280.863,1382400.0
2015-01-18 00:00:00,280.08799999999997,1468800.0
2015-01-19 00:00:00,279.17999999999995,1555200.0
2015-01-20 00:00:00,278.642,1641600.0
2015-01-21 00:00:00,278.462,1728000.0
2015-01-22 00:00:00,278.585,1814400.0
2015-01-23 00:00:00,278.69399999999996,1900800.0
2015-01-24 00:00:00,278.70599999999996,1987200.0
2015-01-25 00:00:00,277.82899999999995,2073600.0
2015-01-26 00:00:00,277.26099999999997,2160000.0
2015-01-27 00:00:00,276.80699999999996,2246400.0
2015-01-28 00:00:00,276.31399999999996,2332800.0
2015-01-29 00:00:00,276.50399999999996,2419200.0
2015-01-30 00:00:00,276.902,2505600.0
2015-01-31 00:00:00,277.07099999999997,2592000.0
2015-02-01 00:00:00,276.92999999999995,2678400.0
2015-02-02 00:00:00,276.55199999999996,2764800.0
2015-02-03 00:00:00,276.16799999999995,2851200.0
2015-02-04 00:00:00,276.94399999999996,2937600.0
2015-02-05 00:00:00,277.121,3024000.0
2015-02-06 00:00:00,276.777,3110400.0
2015-02-07 00:00:00,276.289,3196800.0
2015-02-08 00:00:00,275.852,3283200.0
2015-02-09 00:00:00,275.019,3369600.0
2015-02-10 00:00:00,276.885,3456000.0
2015-02-11 00:00:00,278.29999999999995,3542400.0
2015-02-12 00:00:00,278.81899999999996,3628800.0
2015-02-13 00:00:00,278.77799999999996,3715200.0
2015-02-14 00:00:00,278.554,3801600.0
2015-02-15 00:00:00,278.573,3888000.0
2015-02-16 00:00:00,279.33299999999997,3974400.0
2015-02-17 00:00:00,279.96599999999995,4060800.0
2015-02-18 00:00:00,279.08299999999997,4147200.0
2015-02-19 00:00:00,279.041,4233600.0
2015-02-20 00:00:00,279.03799999999995,4320000.0
2015-02-21 00:00:00,278.628,4406400.0
2015-02-22 00:00:00,279.019,4492800.0
2015-02-23 00:00:00,279.84499999999997,4579200.0
2015-02-24 00:00:00,279.67499999999995,4665600.0
2015-02-25 00:00:00,279.328,4752000.0
2015-02-26 00:00:00,279.36899999999997,4838400.0
2015-02-27 00:00:00,279.65099999999995,4924800.0
2015-02-28 00:00:00,280.09999999999997,5011200.0
2015-03-01 00:00:00,280.57899999999995,5097600.0
2015-03-02 00:00:00,281.183,5184000.0
2015-03-03 00:00:00,282.30499999999995,5270400.0
2015-03-04 00:00:00,282.01099999999997,5356800.0
2015-03-05 00:00:00,280.366,5443200.0
2015-03-06 00:00:00,279.392,5529600.0
2015-03-07 00:00:00,279.126,5616000.0
2015-03-08 00:00:00,279.63899999999995,5702400.0
2015-03-09 00:00:00,279.91499999999996,5788800.0
2015-03-10 00:00:00,280.88599999999997,5875200.0
2015-03-11 00:00:00,281.95,5961600.0
2015-03-12 00:00:00,281.37199999999996,6048000.0
2015-03-13 00:00:00,281.356,6134400.0
2015-03-14 00:00:00,281.003,6220800.0
2015-03-15 00:00:00,280.54499999999996,6307200.0
2015-03-16 00:00:00,280.544,6393600.0
2015-03-17 00:00:00,281.30499999999995,6480000.0
2015-03-18 00:00:00,282.54999999999995,6566400.0
2015-03-19 00:00:00,283.33,6652800.0
2015-03-20 00:00:00,283.109,6739200.0
2015-03-21 00:00:00,282.34799999999996,6825600.0
2015-03-22 00:00:00,281.621,6912000.0
2015-03-23 00:00:00,282.65099999999995,6998400.0
2015-03-24 00:00:00,283.19599999999997,7084800.0
2015-03-25 00:00:00,283.053,7171200.0
2015-03-26 00:00:00,283.969,7257600.0
2015-03-27 00:00:00,283.54999999999995,7344000.0
2015-03-28 00:00:00,283.85699999999997,7430400.0
2015-03-29 00:00:00,284.085,7516800.0
2015-03-30 00:00:00,284.82,7603200.0
2015-03-31 00:00:00,285.832,7689600.0
2015-04-01 00:00:00,285.24399999999997,7776000.0
2015-04-02 00:00:00,284.78999999999996,7862400.0
2015-04-03 00:00:00,284.07899999999995,7948800.0
2015-04-04 00:00:00,282.536,8035200.0
2015-04-05 00:00:00,281.628,8121600.0
2015-04-06 00:00:00,281.15799999999996,8208000.0
2015-04-07 00:00:00,280.815,8294400.0
2015-04-08 00:00:00,282.15099999999995,8380800.0
2015-04-09 00:00:00,283.698,8467200.0
2015-04-10 00:00:00,285.001,8553600.0
2015-04-11 00:00:00,285.33,8640000.0
2015-04-12 00:00:00,286.287,8726400.0
2015-04-13 00:00:00,287.60999999999996,8812800.0
2015-04-14 00:00:00,288.366,8899200.0
2015-04-15 00:00:00,288.851,8985600.0
2015-04-16 00:00:00,288.445,9072000.0
2015-04-17 00:00:00,287.35999999999996,9158400.0
2015-04-18 00:00:00,286.864,9244800.0
2015-04-19 00:00:00,285.27799999999996,9331200.0
2015-04-20 00:00:00,285.90099999999995,9417600.0
2015-04-21 00:00:00,287.21999999999997,9504000.0
2015-04-22 00:00:00,288.596,9590400.0
2015-04-23 00:00:00,288.28,9676800.0
2015-04-24 00:00:00,288.164,9763200.0
2015-04-25 00:00:00,287.59099999999995,9849600.0
2015-04-26 00:00:00,287.873,9936000.0
2015-04-27 00:00:00,286.984,10022400.0
2015-04-28 00:00:00,286.84499999999997,10108800.0
2015-04-29 00:00:00,286.73199999999997,10195200.0
2015-04-30 00:00:00,287.051,10281600.0
2015-05-01 00:00:00,287.144,10368000.0
2015-05-02 00:00:00,288.62199999999996,10454400.0
2015-05-03 00:00:00,289.765,10540800.0
2015-05-04 00:00:00,291.311,10627200.0
2015-05-05 00:00:00,292.109,10713600.0
2015-05-06 00:00:00,292.561,10800000.0
2015-05-07 00:00:00,292.337,10886400.0
2015-05-08 00:00:00,292.243,10972800.0
2015-05-09 00:00:00,291.871,11059200.0
2015-05-10 00:00:00,292.09499999999997,11145600.0
2015-05-11 00:00:00,292.428,11232000.0
2015-05-12 00:00:00,292.442,11318400.0
2015-05-13 00:00:00,292.60699999999997,11404800.0
2015-05-14 00:00:00,292.62899999999996,11491200.0
2015-05-15 00:00:00,291.296,11577600.0
2015-05-16 00:00:00,290.72299999999996,11664000.0
2015-05-17 00:00:00,291.801,11750400.0
2015-05-18 00:00:00,292.572,11836800.0
2015-05-19 00:00:00,292.582,11923200.0
2015-05-20 00:00:00,291.709,12009600.0
2015-05-21 00:00:00,289.72999999999996,12096000.0
2015-05-22 00:00:00,288.168,12182400.0
2015-05-23 00:00:00,287.42499999999995,12268800.0
2015-05-24 00:00:00,288.28999999999996,12355200.0
2015-05-25 00:00:00,289.76399999999995,12441600.0
2015-05-26 00:00:00,289.928,12528000.0
2015-05-27 00:00:00,289.933,12614400.0
2015-05-28 00:00:00,290.167,12700800.0
2015-05-29 00:00:00,290.902,12787200.0
2015-05-30 00:00:00,291.56899999999996,12873600.0
2015-05-31 00:00:00,292.099,12960000.0
2015-06-01 00:00:00,292.887,13046400.0
2015-06-02 00:00:00,293.89,13132800.0
2015-06-03 00:00:00,295.234,13219200.0
2015-06-04 00:00:00,296.325,13305600.0
2015-06-05 00:00:00,297.169,13392000.0
2015-06-06 00:00:00,297.417,13478400.0
2015-06-07 00:00:00,297.385,13564800.0
2015-06-08 00:00:00,296.202,13651200.0
2015-06-09 00:00:00,295.21,13737600.0
2015-06-10 00:00:00,295.251,13824000.0
2015-06-11 00:00:00,296.049,13910400.0
2015-06-12 00:00:00,295.97299999999996,13996800.0
2015-06-13 00:00:00,296.05199999999996,14083200.0
2015-06-14 00:00:00,294.71099999999996,14169600.0
2015-06-15 00:00:00,294.447,14256000.0
2015-06-16 00:00:00,294.18899999999996,14342400.0
2015-06-17 00:00:00,293.459,14428800.0
2015-06-18 00:00:00,293.44399999999996,14515200.0
2015-06-19 00:00:00,293.818,14601600.0
2015-06-20 00:00:00,293.364,14688000.0
2015-06-21 00:00:00,293.126,14774400.0
2015-06-22 00:00:00,293.51399999999995,14860800.0
2015-06-23 00:00:00,294.462,14947200.0
2015-06-24 00:00:00,293.85699999999997,15033600.0
2015-06-25 00:00:00,294.00399999999996,15120000.0
2015-06-26 00:00:00,294.703,15206400.0
2015-06-27 00:00:00,295.495,15292800.0
2015-06-28 00:00:00,295.919,15379200.0
2015-06-29 00:00:00,296.258,15465600.0
2015-06-30 00:00:00,296.89599999999996,15552000.0
2015-07-01 00:00:00,297.589,15638400.0
2015-07-02 00:00:00,298.544,15724800.0
2015-07-03 00:00:00,299.292,15811200.0
2015-07-04 00:00:00,299.78799999999995,15897600.0
2015-07-05 00:00:00,299.91299999999995,15984000.0
2015-07-06 00:00:00,300.183,16070400.0
2015-07-07 00:00:00,300.51599999999996,16156800.0
2015-07-08 00:00:00,300.04699999999997,16243200.0
2015-07-09 00:00:00,298.537,16329600.0
2015-07-10 00:00:00,297.904,16416000.0
2015-07-11 00:00:00,298.325,16502400.0
2015-07-12 00:00:00,299.04699999999997,16588800.0
2015-07-13 00:00:00,299.33,16675200.0
2015-07-14 00:00:00,299.87699999999995,16761600.0
2015-07-15 00:00:00,300.62699999999995,16848000.0
2015-07-16 00:00:00,300.986,16934400.0
2015-07-17 00:00:00,301.337,17020800.0
2015-07-18 00:00:00,301.505,17107200.0
2015-07-19 00:00:00,301.36699999999996,17193600.0
2015-07-20 00:00:00,301.327,17280000.0
2015-07-21 00:00:00,301.926,17366400.0
2015-07-22 00:00:00,302.032,17452800.0
2015-07-23 00:00:00,301.279,17539200.0
2015-07-24 00:00:00,300.06399999999996,17625600.0
2015-07-25 00:00:00,299.123,17712000.0
2015-07-26 00:00:00,298.161,17798400.0
2015-07-27 00:00:00,298.45599999999996,17884800.0
2015-07-28 00:00:00,298.50399999999996,17971200.0
2015-07-29 00:00:00,298.798,18057600.0
2015-07-30 00:00:00,298.67699999999996,18144000.0
2015-07-31 00:00:00,298.135,18230400.0
2015-08-01 00:00:00,297.31199999999995,18316800.0
2015-08-02 00:00:00,297.85999999999996,18403200.0
2015-08-03 00:00:00,298.837,18489600.0
2015-08-04 00:00:00,299.512,18576000.0
2015-08-05 00:00:00,300.332,18662400.0
2015-08-06 00:00:00,301.017,18748800.0
2015-08-07 00:00:00,301.371,18835200.0
2015-08-08 00:00:00,301.30499999999995,18921600.0
2015-08-09 00:00:00,300.416,19008000.0
2015-08-10 00:00:00,298.32899999999995,19094400.0
2015-08-11 00:00:00,298.008,19180800.0
2015-08-12 00:00:00,298.794,19267200.0
2015-08-13 00:00:00,299.95799999999997,19353600.0
2015-08-14 00:00:00,298.936,19440000.0
2015-08-15 00:00:00,297.205,19526400.0
2015-08-16 00:00:00,294.90799999999996,19612800.0
2015-08-17 00:00:00,295.029,19699200.0
2015-08-18 00:00:00,295.337,19785600.0
2015-08-19 00:00:00,294.64599999999996,19872000.0
2015-08-20 00:00:00,295.212,19958400.0
2015-08-21 00:00:00,294.92499999999995,20044800.0
2015-08-22 00:00:00,295.08099999999996,20131200.0
2015-08-23 00:00:00,294.832,20217600.0
2015-08-24 00:00:00,295.402,20304000.0
2015-08-25 00:00:00,296.13599999999997,20390400.0
2015-08-26 00:00:00,296.518,20476800.0
2015-08-27 00:00:00,297.40799999999996,20563200.0
2015-08-28 00:00:00,298.07599999999996,20649600.0
2015-08-29 00:00:00,298.78799999999995,20736000.0
2015-08-30 00:00:00,299.21,20822400.0
2015-08-31 00:00:00,298.95599999999996,20908800.0
2015-09-01 00:00:00,298.07899999999995,20995200.0
2015-09-02 00:00:00,297.20099999999996,21081600.0
2015-09-03 00:00:00,296.33,21168000.0
2015-09-04 00:00:00,295.907,21254400.0
2015-09-05 00:00:00,294.936,21340800.0
2015-09-06 00:00:00,293.75399999999996,21427200.0
2015-09-07 00:00:00,293.253,21513600.0
2015-09-08 00:00:00,292.767,21600000.0
2015-09-09 00:00:00,291.883,21686400.0
2015-09-10 00:00:00,291.755,21772800.0
2015-09-11 00:00:00,291.909,21859200.0
2015-09-12 00:00:00,292.97799999999995,21945600.0
2015-09-13 00:00:00,292.905,22032000.0
2015-09-14 00:00:00,294.308,22118400.0
2015-09-15 00:00:00,294.46299999999997,22204800.0
2015-09-16 00:00:00,295.298,22291200.0
2015-09-17 00:00:00,296.534,22377600.0
2015-09-18 00:00:00,296.416,22464000.0
2015-09-19 00:00:00,295.193,22550400.0
2015-09-20 00:00:00,293.568,22636800.0
2015-09-21 00:00:00,292.62899999999996,22723200.0
2015-09-22 00:00:00,291.72799999999995,22809600.0
2015-09-23 00:00:00,290.803,22896000.0
2015-09-24 00:00:00,289.79699999999997,22982400.0
2015-09-25 00:00:00,290.37699999999995,23068800.0
2015-09-26 00:00:00,290.60799999999995,23155200.0
2015-09-27 00:00:00,290.436,23241600.0
2015-09-28 00:00:00,289.717,23328000.0
2015-09-29 00:00:00,289.08299999999997,23414400.0
2015-09-30 00:00:00,288.59499999999997,23500800.0
2015-10-01 00:00:00,287.844,23587200.0
2015-10-02 00:00:00,288.43899999999996,23673600.0
2015-10-03 00:00:00,289.29699999999997,23760000.0
2015-10-04 00:00:00,290.131,23846400.0
2015-10-05 00:00:00,290.828,23932800.0
2015-10-06 00:00:00,291.00699999999995,24019200.0
2015-10-07 00:00:00,290.96599999999995,24105600.0
2015-10-08 00:00:00,290.43699999999995,24192000.0
2015-10-09 00:00:00,289.79499999999996,24278400.0
2015-10-10 00:00:00,288.87399999999997,24364800.0
2015-10-11 00:00:00,288.655,24451200.0
2015-10-12 00:00:00,288.59,24537600.0
2015-10-13 00:00:00,288.83299999999997,24624000.0
2015-10-14 00:00:00,288.96599999999995,24710400.0
2015-10-15 00:00:00,288.097,24796800.0
2015-10-16 00:00:00,286.94599999999997,24883200.0
2015-10-17 00:00:00,286.435,24969600.0
2015-10-18 00:00:00,286.554,25056000.0
2015-10-19 00:00:00,287.15999999999997,25142400.0
2015-10-20 00:00:00,286.70599999999996,25228800.0
2015-10-21 00:00:00,285.62899999999996,25315200.0
2015-10-22 00:00:00,284.688,25401600.0
2015-10-23 00:00:00,285.025,25488000.0
2015-10-24 00:00:00,285.80699999999996,25574400.0
2015-10-25 00:00:00,286.539,25660800.0
2015-10-26 00:00:00,286.59499999999997,25747200.0
2015-10-27 00:00:00,286.58,25833600.0
2015-10-28 00:00:00,285.941,25920000.0
2015-10-29 00:00:00,286.00399999999996,26006400.0
2015-10-30 00:00:00,286.082,26092800.0
2015-10-31 00:00:00,285.82399999999996,26179200.0
2015-11-01 00:00:00,285.342,26265600.0
2015-11-02 00:00:00,285.106,26352000.0
2015-11-03 00:00:00,285.31,26438400.0
2015-11-04 00:00:00,285.84099999999995,26524800.0
2015-11-05 00:00:00,286.57099999999997,26611200.0
2015-11-06 00:00:00,287.02799999999996,26697600.0
2015-11-07 00:00:00,287.28799999999995,26784000.0
2015-11-08 00:00:00,287.67699999999996,26870400.0
2015-11-09 00:00:00,287.32,26956800.0
2015-11-10 00:00:00,287.269,27043200.0
2015-11-11 00:00:00,287.114,27129600.0
2015-11-12 00:00:00,286.78499999999997,27216000.0
2015-11-13 00:00:00,286.19,27302400.0
2015-11-14 00:00:00,285.50399999999996,27388800.0
2015-11-15 00:00:00,284.969,27475200.0
2015-11-16 00:00:00,284.95399999999995,27561600.0
2015-11-17 00:00:00,284.679,27648000.0
2015-11-18 00:00:00,284.912,27734400.0
2015-11-19 00:00:00,284.664,27820800.0
2015-11-20 00:00:00,284.59799999999996,27907200.0
2015-11-21 00:00:00,283.74899999999997,27993600.0
2015-11-22 00:00:00,281.59,28080000.0
2015-11-23 00:00:00,280.036,28166400.0
2015-11-24 00:00:00,279.64,28252800.0
2015-11-25 00:00:00,278.868,28339200.0
2015-11-26 00:00:00,278.517,28425600.0
2015-11-27 00:00:00,278.61899999999997,28512000.0
2015-11-28 00:00:00,278.765,28598400.0
2015-11-29 00:00:00,279.267,28684800.0
2015-11-30 00:00:00,280.21299999999997,28771200.0
2015-12-01 00:00:00,281.277,28857600.0
2015-12-02 00:00:00,281.892,28944000.0
2015-12-03 00:00:00,282.00399999999996,29030400.0
2015-12-04 00:00:00,281.74699999999996,29116800.0
2015-12-05 00:00:00,281.642,29203200.0
2015-12-06 00:00:00,281.486,29289600.0
2015-12-07 00:00:00,281.289,29376000.0
2015-12-08 00:00:00,281.52599999999995,29462400.0
2015-12-09 00:00:00,281.19599999999997,29548800.0
2015-12-10 00:00:00,280.70599999999996,29635200.0
2015-12-11 00:00:00,279.935,29721600.0
2015-12-12 00:00:00,279.794,29808000.0
2015-12-13 00:00:00,279.88399999999996,29894400.0
2015-12-14 00:00:00,280.048,29980800.0
2015-12-15 00:00:00,280.135,30067200.0
2015-12-16 00:00:00,280.429,30153600.0
2015-12-17 00:00:00,280.59099999999995,30240000.0
2015-12-18 00:00:00,280.77099999999996,30326400.0
2015-12-19 00:00:00,281.198,30412800.0
2015-12-20 00:00:00,281.31899999999996,30499200.0
2015-12-21 00:00:00,281.251,30585600.0
2015-12-22 00:00:00,281.445,30672000.0
2015-12-23 00:00:00,281.476,30758400.0
2015-12-24 00:00:00,281.03,30844800.0
2015-12-25 00:00:00,280.938,30931200.0
2015-12-26 00:00:00,280.868,31017600.0
2015-12-27 00:00:00,280.59799999999996,31104000.0
2015-12-28 00:00:00,280.41999999999996,31190400.0
2015-12-29 00:00:00,280.10699999999997,31276800.0
2015-12-30 00:00:00,279.28499999999997,31363200.0
2015-12-31 00:00:00,277.979,31449600.0
2016-01-01 00:00:00,277.789,31536000.0
2016-01-02 00:00:00,277.67999999999995,31622400.0
2016-01-03 00:00:00,278.08099999999996,31708800.0
2016-01-04 00:00:00,277.976,31795200.0
2016-01-05 00:00:00,278.66299999999995,31881600.0
2016-01-06 00:00:00,278.50899999999996,31968000.0
2016-01-07 00:00:00,278.318,32054400.0
2016-01-08 00:00:00,279.517,32140800.0
2016-01-09 00:00:00,280.44399999999996,32227200.0
2016-01-10 00:00:00,281.27799999999996,32313600.0
2016-01-11 00:00:00,281.818,32400000.0
2016-01-12 00:00:00,281.421,32486400.0
2016-01-13 00:00:00,280.22799999999995,32572800.0
2016-01-14 00:00:00,278.67699999999996,32659200.0
2016-01-15 00:00:00,278.241,32745600.0
2016-01-16 00:00:00,276.929,32832000.0
2016-01-17 00:00:00,275.729,32918400.0
2016-01-18 00:00:00,274.534,33004800.0
2016-01-19 00:00:00,274.41299999999995,33091200.0
2016-01-20 00:00:00,275.21299999999997,33177600.0
2016-01-21 00:00:00,275.98199999999997,33264000.0
2016-01-22 00:00:00,276.585,33350400.0
2016-01-23 00:00:00,277.12,33436800.0
2016-01-24 00:00:00,277.73499999999996,33523200.0
2016-01-25 00:00:00,278.638,33609600.0
2016-01-26 00:00:00,279.78099999999995,33696000.0
2016-01-27 00:00:00,280.65799999999996,33782400.0
2016-01-28 00:00:00,281.371,33868800.0
2016-01-29 00:00:00,281.907,33955200.0
2016-01-30 00:00:00,281.681,34041600.0
2016-01-31 00:00:00,281.839,34128000.0
2016-02-01 00:00:00,282.613,34214400.0
2016-02-02 00:00:00,282.61699999999996,34300800.0
2016-02-03 00:00:00,282.00199999999995,34387200.0
2016-02-04 00:00:00,280.41799999999995,34473600.0
2016-02-05 00:00:00,279.95799999999997,34560000.0
2016-02-06 00:00:00,279.642,34646400.0
2016-02-07 00:00:00,279.734,34732800.0
2016-02-08 00:00:00,280.63599999999997,34819200.0
2016-02-09 00:00:00,281.10499999999996,34905600.0
2016-02-10 00:00:00,280.90099999999995,34992000.0
2016-02-11 00:00:00,279.868,35078400.0
2016-02-12 00:00:00,279.354,35164800.0
2016-02-13 00:00:00,280.04999999999995,35251200.0
2016-02-14 00:00:00,280.337,35337600.0
2016-02-15 00:00:00,280.73999999999995,35424000.0
2016-02-16 00:00:00,280.84799999999996,35510400.0
2016-02-17 00:00:00,280.60999999999996,35596800.0
2016-02-18 00:00:00,280.373,35683200.0
2016-02-19 00:00:00,280.546,35769600.0
2016-02-20 00:00:00,280.21099999999996,35856000.0
2016-02-21 00:00:00,281.25699999999995,35942400.0
2016-02-22 00:00:00,281.94,36028800.0
2016-02-23 00:00:00,282.827,36115200.0
2016-02-24 00:00:00,282.25199999999995,36201600.0
2016-02-25 00:00:00,281.57599999999996,36288000.0
2016-02-26 00:00:00,280.77599999999995,36374400.0
2016-02-27 00:00:00,280.17499999999995,36460800.0
2016-02-28 00:00:00,280.87,36547200.0
2016-02-29 00:00:00,281.11899999999997,36633600.0
2016-03-01 00:00:00,281.316,36720000.0
2016-03-02 00:00:00,281.57099999999997,36806400.0
2016-03-03 00:00:00,280.45599999999996,36892800.0
2016-03-04 00:00:00,279.911,36979200.0
2016-03-05 00:00:00,279.794,37065600.0
2016-03-06 00:00:00,279.957,37152000.0
2016-03-07 00:00:00,279.30499999999995,37238400.0
2016-03-08 00:00:00,278.964,37324800.0
2016-03-09 00:00:00,278.804,37411200.0
2016-03-10 00:00:00,279.751,37497600.0
2016-03-11 00:00:00,280.54999999999995,37584000.0
2016-03-12 00:00:00,281.395,37670400.0
2016-03-13 00:00:00,281.472,37756800.0
2016-03-14 00:00:00,281.436,37843200.0
2016-03-15 00:00:00,281.193,37929600.0
2016-03-16 00:00:00,280.188,38016000.0
2016-03-17 00:00:00,280.769,38102400.0
2016-03-18 00:00:00,281.787,38188800.0
2016-03-19 00:00:00,283.02799999999996,38275200.0
2016-03-20 00:00:00,283.669,38361600.0
2016-03-21 00:00:00,284.255,38448000.0
2016-03-22 00:00:00,284.40099999999995,38534400.0
2016-03-23 00:00:00,282.96299999999997,38620800.0
2016-03-24 00:00:00,282.496,38707200.0
2016-03-25 00:00:00,282.203,38793600.0
2016-03-26 00:00:00,282.92499999999995,38880000.0
2016-03-27 00:00:00,283.51399999999995,38966400.0
2016-03-28 00:00:00,283.828,39052800.0
2016-03-29 00:00:00,284.88199999999995,39139200.0
2016-03-30 00:00:00,285.77,39225600.0
2016-03-31 00:00:00,286.537,39312000.0
2016-04-01 00:00:00,286.92199999999997,39398400.0
2016-04-02 00:00:00,286.775,39484800.0
2016-04-03 00:00:00,287.24899999999997,39571200.0
2016-04-04 00:00:00,287.455,39657600.0
2016-04-05 00:00:00,287.80199999999996,39744000.0
2016-04-06 00:00:00,288.394,39830400.0
2016-04-07 00:00:00,288.21999999999997,39916800.0
2016-04-08 00:00:00,286.926,40003200.0
2016-04-09 00:00:00,285.52099999999996,40089600.0
2016-04-10 00:00:00,285.405,40176000.0
2016-04-11 00:00:00,286.308,40262400.0
2016-04-12 00:00:00,287.61699999999996,40348800.0
2016-04-13 00:00:00,288.335,40435200.0
2016-04-14 00:00:00,288.334,40521600.0
2016-04-15 00:00:00,288.072,40608000.0
2016-04-16 00:00:00,288.27599999999995,40694400.0
2016-04-17 00:00:00,288.563,40780800.0
2016-04-18 00:00:00,288.83599999999996,40867200.0
2016-04-19 00:00:00,288.245,40953600.0
2016-04-20 00:00:00,288.02,41040000.0
2016-04-21 00:00:00,287.727,41126400.0
2016-04-22 00:00:00,288.01399999999995,41212800.0
2016-04-23 00:00:00,287.05699999999996,41299200.0
2016-04-24 00:00:00,285.885,41385600.0
2016-04-25 00:00:00,284.236,41472000.0
2016-04-26 00:00:00,284.323,41558400.0
2016-04-27 00:00:00,285.16999999999996,41644800.0
2016-04-28 00:00:00,285.13199999999995,41731200.0
2016-04-29 00:00:00,286.26,41817600.0
2016-04-30 00:00:00,286.756,41904000.0
2016-05-01 00:00:00,285.97499999999997,41990400.0
2016-05-02 00:00:00,285.52,42076800.0
2016-05-03 00:00:00,287.12699999999995,42163200.0
2016-05-04 00:00:00,287.977,42249600.0
2016-05-05 00:00:00,288.056,42336000.0
2016-05-06 00:00:00,288.746,42422400.0
2016-05-07 00:00:00,289.301,42508800.0
2016-05-08 00:00:00,289.47799999999995,42595200.0
2016-05-09 00:00:00,289.417,42681600.0
2016-05-10 00:00:00,290.145,42768000.0
2016-05-11 00:00:00,289.52099999999996,42854400.0
2016-05-12 00:00:00,289.19399999999996,42940800.0
2016-05-13 00:00:00,288.315,43027200.0
2016-05-14 00:00:00,288.508,43113600.0
2016-05-15 00:00:00,288.592,43200000.0
2016-05-16 00:00:00,288.15599999999995,43286400.0
2016-05-17 00:00:00,288.167,43372800.0
2016-05-18 00:00:00,288.578,43459200.0
2016-05-19 00:00:00,288.013,43545600.0
2016-05-20 00:00:00,288.846,43632000.0
2016-05-21 00:00:00,290.548,43718400.0
2016-05-22 00:00:00,291.92199999999997,43804800.0
2016-05-23 00:00:00,290.58299999999997,43891200.0
2016-05-24 00:00:00,290.046,43977600.0
2016-05-25 00:00:00,290.284,44064000.0
2016-05-26 00:00:00,291.748,44150400.0
2016-05-27 00:00:00,293.789,44236800.0
2016-05-28 00:00:00,294.29999999999995,44323200.0
2016-05-29 00:00:00,292.71299999999997,44409600.0
2016-05-30 00:00:00,291.87699999999995,44496000.0
2016-05-31 00:00:00,291.28,44582400.0
2016-06-01 00:00:00,290.69399999999996,44668800.0
2016-06-02 00:00:00,290.381,44755200.0
2016-06-03 00:00:00,290.71999999999997,44841600.0
2016-06-04 00:00:00,291.359,44928000.0
2016-06-05 00:00:00,291.972,45014400.0
2016-06-06 00:00:00,292.69,45100800.0
2016-06-07 00:00:00,293.753,45187200.0
2016-06-08 00:00:00,293.702,45273600.0
2016-06-09 00:00:00,292.35799999999995,45360000.0
2016-06-10 00:00:00,292.828,45446400.0
2016-06-11 00:00:00,293.171,45532800.0
2016-06-12 00:00:00,293.024,45619200.0
2016-06-13 00:00:00,292.849,45705600.0
2016-06-14 00:00:00,292.72999999999996,45792000.0
2016-06-15 00:00:00,293.39599999999996,45878400.0
2016-06-16 00:00:00,294.325,45964800.0
2016-06-17 00:00:00,293.976,46051200.0
2016-06-18 00:00:00,293.49199999999996,46137600.0
2016-06-19 00:00:00,292.08799999999997,46224000.0
2016-06-20 00:00:00,292.638,46310400.0
2016-06-21 00:00:00,293.90099999999995,46396800.0
2016-06-22 00:00:00,295.57099999999997,46483200.0
2016-06-23 00:00:00,297.496,46569600.0
2016-06-24 00:00:00,298.75,46656000.0
2016-06-25 00:00:00,298.82599999999996,46742400.0
2016-06-26 00:00:00,297.955,46828800.0
2016-06-27 00:00:00,296.64799999999997,46915200.0
2016-06-28 00:00:00,296.214,47001600.0
2016-06-29 00:00:00,296.512,47088000.0
2016-06-30 00:00:00,296.84099999999995,47174400.0
2016-07-01 00:00:00,297.803,47260800.0
2016-07-02 00:00:00,298.096,47347200.0
2016-07-03 00:00:00,297.659,47433600.0
2016-07-04 00:00:00,297.53099999999995,47520000.0
2016-07-05 00:00:00,297.878,47606400.0
2016-07-06 00:00:00,298.123,47692800.0
2016-07-07 00:00:00,298.402,47779200.0
2016-07-08 00:00:00,298.503,47865600.0
2016-07-09 00:00:00,299.27599999999995,47952000.0
2016-07-10 00:00:00,299.859,48038400.0
2016-07-11 00:00:00,300.28799999999995,48124800.0
2016-07-12 00:00:00,299.827,48211200.0
2016-07-13 00:00:00,298.59799999999996,48297600.0
2016-07-14 00:00:00,295.96799999999996,48384000.0
2016-07-15 00:00:00,293.85499999999996,48470400.0
2016-07-16 00:00:00,293.556,48556800.0
2016-07-17 00:00:00,294.69,48643200.0
2016-07-18 00:00:00,296.70799999999997,48729600.0
2016-07-19 00:00:00,298.11699999999996,48816000.0
2016-07-20 00:00:00,298.808,48902400.0
2016-07-21 00:00:00,298.866,48988800.0
2016-07-22 00:00:00,298.68899999999996,49075200.0
2016-07-23 00:00:00,298.037,49161600.0
2016-07-24 00:00:00,297.39,49248000.0
2016-07-25 00:00:00,297.683,49334400.0
2016-07-26 00:00:00,297.844,49420800.0
2016-07-27 00:00:00,297.984,49507200.0
2016-07-28 00:00:00,297.77599999999995,49593600.0
2016-07-29 00:00:00,298.351,49680000.0
2016-07-30 00:00:00,298.93899999999996,49766400.0
2016-07-31 00:00:00,298.529,49852800.0
2016-08-01 00:00:00,297.743,49939200.0
2016-08-02 00:00:00,297.57099999999997,50025600.0
2016-08-03 00:00:00,298.092,50112000.0
2016-08-04 00:00:00,298.775,50198400.0
2016-08-05 00:00:00,297.029,50284800.0
2016-08-06 00:00:00,296.10499999999996,50371200.0
2016-08-07 00:00:00,296.176,50457600.0
2016-08-08 00:00:00,296.664,50544000.0
2016-08-09 00:00:00,297.08799999999997,50630400.0
2016-08-10 00:00:00,295.57099999999997,50716800.0
2016-08-11 00:00:00,294.52799999999996,50803200.0
2016-08-12 00:00:00,294.018,50889600.0
2016-08-13 00:00:00,294.92199999999997,50976000.0
2016-08-14 00:00:00,296.28099999999995,51062400.0
2016-08-15 00:00:00,297.147,51148800.0
2016-08-16 00:00:00,297.133,51235200.0
2016-08-17 00:00:00,296.668,51321600.0
2016-08-18 00:00:00,296.125,51408000.0
2016-08-19 00:00:00,296.554,51494400.0
2016-08-20 00:00:00,297.09099999999995,51580800.0
2016-08-21 00:00:00,297.238,51667200.0
2016-08-22 00:00:00,296.015,51753600.0
2016-08-23 00:00:00,295.76399999999995,51840000.0
2016-08-24 00:00:00,296.311,51926400.0
2016-08-25 00:00:00,296.84,52012800.0
2016-08-26 00:00:00,297.21,52099200.0
2016-08-27 00:00:00,297.57099999999997,52185600.0
2016-08-28 00:00:00,297.859,52272000.0
2016-08-29 00:00:00,297.66499999999996,52358400.0
2016-08-30 00:00:00,296.626,52444800.0
2016-08-31 00:00:00,296.409,52531200.0
2016-09-01 00:00:00,296.691,52617600.0
2016-09-02 00:00:00,297.181,52704000.0
2016-09-03 00:00:00,297.43899999999996,52790400.0
2016-09-04 00:00:00,297.311,52876800.0
2016-09-05 00:00:00,296.31399999999996,52963200.0
2016-09-06 00:00:00,294.597,53049600.0
2016-09-07 00:00:00,293.782,53136000.0
2016-09-08 00:00:00,294.54999999999995,53222400.0
2016-09-09 00:00:00,295.37,53308800.0
2016-09-10 00:00:00,295.527,53395200.0
2016-09-11 00:00:00,295.253,53481600.0
2016-09-12 00:00:00,295.496,53568000.0
2016-09-13 00:00:00,295.63199999999995,53654400.0
2016-09-14 00:00:00,295.844,53740800.0
2016-09-15 00:00:00,294.57599999999996,53827200.0
2016-09-16 00:00:00,293.933,53913600.0
2016-09-17 00:00:00,293.24899999999997,54000000.0
2016-09-18 00:00:00,292.10799999999995,54086400.0
2016-09-19 00:00:00,291.739,54172800.0
2016-09-20 00:00:00,291.99199999999996,54259200.0
2016-09-21 00:00:00,291.21,54345600.0
2016-09-22 00:00:00,291.058,54432000.0
2016-09-23 00:00:00,291.11699999999996,54518400.0
2016-09-24 00:00:00,291.40599999999995,54604800.0
2016-09-25 00:00:00,291.46299999999997,54691200.0
2016-09-26 00:00:00,291.429,54777600.0
2016-09-27 00:00:00,291.44,54864000.0
2016-09-28 00:00:00,291.486,54950400.0
2016-09-29 00:00:00,291.695,55036800.0
2016-09-30 00:00:00,291.65999999999997,55123200.0
2016-10-01 00:00:00,291.585,55209600.0
2016-10-02 00:00:00,291.62199999999996,55296000.0
2016-10-03 00:00:00,291.207,55382400.0
2016-10-04 00:00:00,290.53299999999996,55468800.0
2016-10-05 00:00:00,289.33599999999996,55555200.0
2016-10-06 00:00:00,287.86899999999997,55641600.0
2016-10-07 00:00:00,287.73999999999995,55728000.0
2016-10-08 00:00:00,287.296,55814400.0
2016-10-09 00:00:00,287.368,55900800.0
2016-10-10 00:00:00,286.596,55987200.0
2016-10-11 00:00:00,285.20599999999996,56073600.0
2016-10-12 00:00:00,285.106,56160000.0
2016-10-13 00:00:00,284.97799999999995,56246400.0
2016-10-14 00:00:00,286.854,56332800.0
2016-10-15 00:00:00,288.501,56419200.0
2016-10-16 00:00:00,288.91999999999996,56505600.0
2016-10-17 00:00:00,288.789,56592000.0
2016-10-18 00:00:00,288.395,56678400.0
2016-10-19 00:00:00,287.863,56764800.0
2016-10-20 00:00:00,286.98699999999997,56851200.0
2016-10-21 00:00:00,286.339,56937600.0
2016-10-22 00:00:00,285.904,57024000.0
2016-10-23 00:00:00,286.03099999999995,57110400.0
2016-10-24 00:00:00,287.28099999999995,57196800.0
2016-10-25 00:00:00,288.404,57283200.0
2016-10-26 00:00:00,288.508,57369600.0
2016-10-27 00:00:00,287.868,57456000.0
2016-10-28 00:00:00,286.445,57542400.0
2016-10-29 00:00:00,286.306,57628800.0
2016-10-30 00:00:00,286.417,57715200.0
2016-10-31 00:00:00,285.82599999999996,57801600.0
2016-11-01 00:00:00,285.62199999999996,57888000.0
2016-11-02 00:00:00,285.866,57974400.0
2016-11-03 00:00:00,285.62199999999996,58060800.0
2016-11-04 00:00:00,285.207,58147200.0
2016-11-05 00:00:00,285.02799999999996,58233600.0
2016-11-06 00:00:00,285.62199999999996,58320000.0
2016-11-07 00:00:00,284.40599999999995,58406400.0
2016-11-08 00:00:00,283.14799999999997,58492800.0
2016-11-09 00:00:00,281.50399999999996,58579200.0
2016-11-10 00:00:00,281.57899999999995,58665600.0
2016-11-11 00:00:00,281.517,58752000.0
2016-11-12 00:00:00,281.296,58838400.0
2016-11-13 00:00:00,281.05699999999996,58924800.0
2016-11-14 00:00:00,280.71099999999996,59011200.0
2016-11-15 00:00:00,280.313,59097600.0
2016-11-16 00:00:00,280.729,59184000.0
2016-11-17 00:00:00,281.587,59270400.0
2016-11-18 00:00:00,282.63599999999997,59356800.0
2016-11-19 00:00:00,283.258,59443200.0
2016-11-20 00:00:00,283.69899999999996,59529600.0
2016-11-21 00:00:00,284.111,59616000.0
2016-11-22 00:00:00,284.69399999999996,59702400.0
2016-11-23 00:00:00,284.988,59788800.0
2016-11-24 00:00:00,285.123,59875200.0
2016-11-25 00:00:00,284.912,59961600.0
2016-11-26 00:00:00,284.27099999999996,60048000.0
2016-11-27 00:00:00,283.42999999999995,60134400.0
2016-11-28 00:00:00,282.005,60220800.0
2016-11-29 00:00:00,278.995,60307200.0
2016-11-30 00:00:00,277.75,60393600.0
2016-12-01 00:00:00,278.32099999999997,60480000.0
2016-12-02 00:00:00,279.679,60566400.0
2016-12-03 00:00:00,280.262,60652800.0
2016-12-04 00:00:00,280.40999999999997,60739200.0
2016-12-05 00:00:00,280.426,60825600.0
2016-12-06 00:00:00,280.30499999999995,60912000.0
2016-12-07 00:00:00,280.18199999999996,60998400.0
2016-12-08 00:00:00,280.0,61084800.0
2016-12-09 00:00:00,279.948,61171200.0
2016-12-10 00:00:00,280.296,61257600.0
2016-12-11 00:00:00,280.423,61344000.0
2016-12-12 00:00:00,280.529,61430400.0
2016-12-13 00:00:00,279.768,61516800.0
2016-12-14 00:00:00,279.455,61603200.0
2016-12-15 00:00:00,278.96,61689600.0
2016-12-16 00:00:00,278.368,61776000.0
2016-12-17 00:00:00,277.91799999999995,61862400.0
2016-12-18 00:00:00,277.878,61948800.0
2016-12-19 00:00:00,277.644,62035200.0
2016-12-20 00:00:00,278.88899999999995,62121600.0
2016-12-21 00:00:00,280.08799999999997,62208000.0
2016-12-22 00:00:00,280.173,62294400.0
2016-12-23 00:00:00,280.337,62380800.0
2016-12-24 00:00:00,280.231,62467200.0
2016-12-25 00:00:00,280.702,62553600.0
2016-12-26 00:00:00,281.308,62640000.0
2016-12-27 00:00:00,281.152,62726400.0
2016-12-28 00:00:00,280.178,62812800.0
2016-12-29 00:00:00,277.89,62899200.0
2016-12-30 00:00:00,276.719,62985600.0
2016-12-31 00:00:00,276.741,63072000.0
2017-01-01 00:00:00,277.491,63158400.0
2017-01-02 00:00:00,278.17999999999995,63244800.0
2017-01-03 00:00:00,278.116,63331200.0
2017-01-04 00:00:00,277.683,63417600.0
2017-01-05 00:00:00,276.601,63504000.0
2017-01-06 00:00:00,273.995,63590400.0
2017-01-07 00:00:00,272.373,63676800.0
2017-01-08 00:00:00,272.68199999999996,63763200.0
2017-01-09 00:00:00,273.431,63849600.0
2017-01-10 00:00:00,273.31199999999995,63936000.0
2017-01-11 00:00:00,273.12899999999996,64022400.0
2017-01-12 00:00:00,274.42199999999997,64108800.0
2017-01-13 00:00:00,276.155,64195200.0
2017-01-14 00:00:00,276.162,64281600.0
2017-01-15 00:00:00,275.45099999999996,64368000.0
2017-01-16 00:00:00,274.55699999999996,64454400.0
2017-01-17 00:00:00,274.495,64540800.0
2017-01-18 00:00:00,274.88899999999995,64627200.0
2017-01-19 00:00:00,275.55199999999996,64713600.0
2017-01-20 00:00:00,275.878,64800000.0
2017-01-21 00:00:00,276.455,64886400.0
2017-01-22 00:00:00,277.11499999999995,64972800.0
2017-01-23 00:00:00,277.582,65059200.0
2017-01-24 00:00:00,277.82599999999996,65145600.0
2017-01-25 00:00:00,277.332,65232000.0
2017-01-26 00:00:00,276.688,65318400.0
2017-01-27 00:00:00,276.50899999999996,65404800.0
2017-01-28 00:00:00,276.82899999999995,65491200.0
2017-01-29 00:00:00,277.38899999999995,65577600.0
2017-01-30 00:00:00,277.769,65664000.0
2017-01-31 00:00:00,278.424,65750400.0
2017-02-01 00:00:00,279.356,65836800.0
2017-02-02 00:00:00,279.92999999999995,65923200.0
2017-02-03 00:00:00,280.657,66009600.0
2017-02-04 00:00:00,280.666,66096000.0
2017-02-05 00:00:00,280.243,66182400.0
2017-02-06 00:00:00,279.654,66268800.0
2017-02-07 00:00:00,279.724,66355200.0
2017-02-08 00:00:00,279.022,66441600.0
2017-02-09 00:00:00,278.46299999999997,66528000.0
2017-02-10 00:00:00,278.33,66614400.0
2017-02-11 00:00:00,279.024,66700800.0
2017-02-12 00:00:00,279.59999999999997,66787200.0
2017-02-13 00:00:00,279.74199999999996,66873600.0
2017-02-14 00:00:00,279.94399999999996,66960000.0
2017-02-15 00:00:00,280.573,67046400.0
2017-02-16 00:00:00,281.30499999999995,67132800.0
2017-02-17 00:00:00,281.409,67219200.0
2017-02-18 00:00:00,280.969,67305600.0
2017-02-19 00:00:00,280.337,67392000.0
2017-02-20 00:00:00,280.132,67478400.0
2017-02-21 00:00:00,280.40599999999995,67564800.0
2017-02-22 00:00:00,280.964,67651200.0
2017-02-23 00:00:00,281.625,67737600.0
2017-02-24 00:00:00,281.86199999999997,67824000.0
2017-02-25 00:00:00,281.418,67910400.0
2017-02-26 00:00:00,281.43699999999995,67996800.0
2017-02-27 00:00:00,281.86499999999995,68083200.0
2017-02-28 00:00:00,281.96999999999997,68169600.0
2017-03-01 00:00:00,282.18899999999996,68256000.0
2017-03-02 00:00:00,282.412,68342400.0
2017-03-03 00:00:00,282.55499999999995,68428800.0
2017-03-04 00:00:00,282.21799999999996,68515200.0
2017-03-05 00:00:00,281.813,68601600.0
2017-03-06 00:00:00,281.789,68688000.0
2017-03-07 00:00:00,281.46299999999997,68774400.0
2017-03-08 00:00:00,281.767,68860800.0
2017-03-09 00:00:00,283.089,68947200.0
2017-03-10 00:00:00,283.878,69033600.0
2017-03-11 00:00:00,282.965,69120000.0
2017-03-12 00:00:00,282.33099999999996,69206400.0
2017-03-13 00:00:00,281.88899999999995,69292800.0
2017-03-14 00:00:00,282.929,69379200.0
2017-03-15 00:00:00,283.37199999999996,69465600.0
2017-03-16 00:00:00,284.104,69552000.0
2017-03-17 00:00:00,284.626,69638400.0
2017-03-18 00:00:00,284.714,69724800.0
2017-03-19 00:00:00,285.28,69811200.0
2017-03-20 00:00:00,285.798,69897600.0
2017-03-21 00:00:00,285.88399999999996,69984000.0
2017-03-22 00:00:00,285.637,70070400.0
2017-03-23 00:00:00,285.59799999999996,70156800.0
2017-03-24 00:00:00,286.072,70243200.0
2017-03-25 00:00:00,286.667,70329600.0
2017-03-26 00:00:00,285.63199999999995,70416000.0
2017-03-27 00:00:00,284.342,70502400.0
2017-03-28 00:00:00,284.558,70588800.0
2017-03-29 00:00:00,285.96099999999996,70675200.0
2017-03-30 00:00:00,287.51099999999997,70761600.0
2017-03-31 00:00:00,288.186,70848000.0
2017-04-01 00:00:00,287.43899999999996,70934400.0
2017-04-02 00:00:00,285.96799999999996,71020800.0
2017-04-03 00:00:00,286.323,71107200.0
2017-04-04 00:00:00,286.59,71193600.0
2017-04-05 00:00:00,285.984,71280000.0
2017-04-06 00:00:00,286.13399999999996,71366400.0
2017-04-07 00:00:00,286.27799999999996,71452800.0
2017-04-08 00:00:00,287.354,71539200.0
2017-04-09 00:00:00,288.154,71625600.0
2017-04-10 00:00:00,288.75899999999996,71712000.0
2017-04-11 00:00:00,288.825,71798400.0
2017-04-12 00:00:00,288.65599999999995,71884800.0
2017-04-13 00:00:00,288.80199999999996,71971200.0
2017-04-14 00:00:00,288.83,72057600.0
2017-04-15 00:00:00,288.363,72144000.0
2017-04-16 00:00:00,288.149,72230400.0
2017-04-17 00:00:00,287.185,72316800.0
2017-04-18 00:00:00,285.79999999999995,72403200.0
2017-04-19 00:00:00,283.974,72489600.0
2017-04-20 00:00:00,283.068,72576000.0
2017-04-21 00:00:00,282.92699999999996,72662400.0
2017-04-22 00:00:00,284.412,72748800.0
2017-04-23 00:00:00,285.73999999999995,72835200.0
2017-04-24 00:00:00,286.43699999999995,72921600.0
2017-04-25 00:00:00,286.962,73008000.0
2017-04-26 00:00:00,287.03,73094400.0
2017-04-27 00:00:00,287.251,73180800.0
2017-04-28 00:00:00,286.36899999999997,73267200.0
2017-04-29 00:00:00,285.98199999999997,73353600.0
2017-04-30 00:00:00,286.147,73440000.0
2017-05-01 00:00:00,285.919,73526400.0
2017-05-02 00:00:00,286.65999999999997,73612800.0
2017-05-03 00:00:00,286.89599999999996,73699200.0
2017-05-04 00:00:00,287.452,73785600.0
2017-05-05 00:00:00,288.695,73872000.0
2017-05-06 00:00:00,288.457,73958400.0
2017-05-07 00:00:00,288.21099999999996,74044800.0
2017-05-08 00:00:00,288.215,74131200.0
2017-05-09 00:00:00,288.23699999999997,74217600.0
2017-05-10 00:00:00,288.448,74304000.0
2017-05-11 00:00:00,289.012,74390400.0
2017-05-12 00:00:00,290.29699999999997,74476800.0
2017-05-13 00:00:00,291.178,74563200.0
2017-05-14 00:00:00,291.50699999999995,74649600.0
2017-05-15 00:00:00,291.77299999999997,74736000.0
2017-05-16 00:00:00,292.299,74822400.0
2017-05-17 00:00:00,292.948,74908800.0
2017-05-18 00:00:00,292.73699999999997,74995200.0
2017-05-19 00:00:00,292.19599999999997,75081600.0
2017-05-20 00:00:00,291.073,75168000.0
2017-05-21 00:00:00,291.207,75254400.0
2017-05-22 00:00:00,292.457,75340800.0
2017-05-23 00:00:00,293.38599999999997,75427200.0
2017-05-24 00:00:00,294.08,75513600.0
2017-05-25 00:00:00,293.202,75600000.0
2017-05-26 00:00:00,292.931,75686400.0
2017-05-27 00:00:00,293.56,75772800.0
2017-05-28 00:00:00,294.48499999999996,75859200.0
2017-05-29 00:00:00,294.917,75945600.0
2017-05-30 00:00:00,295.272,76032000.0
2017-05-31 00:00:00,295.318,76118400.0
2017-06-01 00:00:00,295.289,76204800.0
2017-06-02 00:00:00,295.195,76291200.0
2017-06-03 00:00:00,295.44399999999996,76377600.0
2017-06-04 00:00:00,295.412,76464000.0
2017-06-05 00:00:00,294.861,76550400.0
2017-06-06 00:00:00,294.037,76636800.0
2017-06-07 00:00:00,293.94599999999997,76723200.0
2017-06-08 00:00:00,293.798,76809600.0
2017-06-09 00:00:00,294.405,76896000.0
2017-06-10 00:00:00,295.703,76982400.0
2017-06-11 00:00:00,296.418,77068800.0
2017-06-12 00:00:00,297.114,77155200.0
2017-06-13 00:00:00,297.905,77241600.0
2017-06-14 00:00:00,297.42999999999995,77328000.0
2017-06-15 00:00:00,297.313,77414400.0
2017-06-16 00:00:00,298.27599999999995,77500800.0
2017-06-17 00:00:00,298.087,77587200.0
2017-06-18 00:00:00,296.522,77673600.0
2017-06-19 00:00:00,296.69399999999996,77760000.0
2017-06-20 00:00:00,297.53099999999995,77846400.0
2017-06-21 00:00:00,297.984,77932800.0
2017-06-22 00:00:00,298.774,78019200.0
2017-06-23 00:00:00,299.15999999999997,78105600.0
2017-06-24 00:00:00,299.45,78192000.0
2017-06-25 00:00:00,298.762,78278400.0
2017-06-26 00:00:00,298.734,78364800.0
2017-06-27 00:00:00,298.573,78451200.0
2017-06-28 00:00:00,297.544,78537600.0
2017-06-29 00:00:00,296.803,78624000.0
2017-06-30 00:00:00,295.873,78710400.0
2017-07-01 00:00:00,295.26,78796800.0
2017-07-02 00:00:00,295.238,78883200.0
2017-07-03 00:00:00,296.505,78969600.0
2017-07-04 00:00:00,297.118,79056000.0
2017-07-05 00:00:00,298.27799999999996,79142400.0
2017-07-06 00:00:00,299.267,79228800.0
2017-07-07 00:00:00,299.86199999999997,79315200.0
2017-07-08 00:00:00,300.524,79401600.0
2017-07-09 00:00:00,299.977,79488000.0
2017-07-10 00:00:00,299.58599999999996,79574400.0
2017-07-11 00:00:00,298.965,79660800.0
2017-07-12 00:00:00,299.317,79747200.0
2017-07-13 00:00:00,299.566,79833600.0
2017-07-14 00:00:00,298.25899999999996,79920000.0
2017-07-15 00:00:00,297.81199999999995,80006400.0
2017-07-16 00:00:00,296.65099999999995,80092800.0
2017-07-17 00:00:00,296.626,80179200.0
2017-07-18 00:00:00,297.503,80265600.0
2017-07-19 00:00:00,298.13899999999995,80352000.0
2017-07-20 00:00:00,298.29699999999997,80438400.0
2017-07-21 00:00:00,298.881,80524800.0
2017-07-22 00:00:00,299.35999999999996,80611200.0
2017-07-23 00:00:00,299.746,80697600.0
2017-07-24 00:00:00,298.453,80784000.0
2017-07-25 00:00:00,296.799,80870400.0
2017-07-26 00:00:00,295.99199999999996,80956800.0
2017-07-27 00:00:00,296.49199999999996,81043200.0
2017-07-28 00:00:00,297.58799999999997,81129600.0
2017-07-29 00:00:00,298.69599999999997,81216000.0
2017-07-30 00:00:00,299.02099999999996,81302400.0
2017-07-31 00:00:00,300.19399999999996,81388800.0
2017-08-01 00:00:00,301.222,81475200.0
2017-08-02 00:00:00,302.084,81561600.0
2017-08-03 00:00:00,302.50399999999996,81648000.0
2017-08-04 00:00:00,302.837,81734400.0
2017-08-05 00:00:00,302.71599999999995,81820800.0
2017-08-06 00:00:00,301.67699999999996,81907200.0
2017-08-07 00:00:00,300.125,81993600.0
2017-08-08 00:00:00,299.967,82080000.0
2017-08-09 00:00:00,300.28999999999996,82166400.0
2017-08-10 00:00:00,299.609,82252800.0
2017-08-11 00:00:00,296.948,82339200.0
2017-08-12 00:00:00,295.452,82425600.0
2017-08-13 00:00:00,296.06399999999996,82512000.0
2017-08-14 00:00:00,297.0,82598400.0
2017-08-15 00:00:00,298.23699999999997,82684800.0
2017-08-16 00:00:00,298.895,82771200.0
2017-08-17 00:00:00,299.42499999999995,82857600.0
2017-08-18 00:00:00,299.952,82944000.0
2017-08-19 00:00:00,298.91499999999996,83030400.0
2017-08-20 00:00:00,297.29499999999996,83116800.0
2017-08-21 00:00:00,296.347,83203200.0
2017-08-22 00:00:00,295.85799999999995,83289600.0
2017-08-23 00:00:00,296.53499999999997,83376000.0
2017-08-24 00:00:00,297.37399999999997,83462400.0
2017-08-25 00:00:00,298.31399999999996,83548800.0
2017-08-26 00:00:00,298.86499999999995,83635200.0
2017-08-27 00:00:00,299.54499999999996,83721600.0
2017-08-28 00:00:00,299.215,83808000.0
2017-08-29 00:00:00,298.62199999999996,83894400.0
2017-08-30 00:00:00,298.498,83980800.0
2017-08-31 00:00:00,297.93699999999995,84067200.0
2017-09-01 00:00:00,296.637,84153600.0
2017-09-02 00:00:00,294.42199999999997,84240000.0
2017-09-03 00:00:00,292.893,84326400.0
2017-09-04 00:00:00,292.885,84412800.0
2017-09-05 00:00:00,294.193,84499200.0
2017-09-06 00:00:00,294.609,84585600.0
2017-09-07 00:00:00,294.60499999999996,84672000.0
2017-09-08 00:00:00,293.743,84758400.0
2017-09-09 00:00:00,293.282,84844800.0
2017-09-10 00:00:00,292.40299999999996,84931200.0
2017-09-11 00:00:00,291.923,85017600.0
2017-09-12 00:00:00,292.12699999999995,85104000.0
2017-09-13 00:00:00,292.166,85190400.0
2017-09-14 00:00:00,292.381,85276800.0
2017-09-15 00:00:00,291.969,85363200.0
2017-09-16 00:00:00,292.14099999999996,85449600.0
2017-09-17 00:00:00,291.474,85536000.0
2017-09-18 00:00:00,290.41499999999996,85622400.0
2017-09-19 00:00:00,289.418,85708800.0
2017-09-20 00:00:00,289.075,85795200.0
2017-09-21 00:00:00,289.39,85881600.0
2017-09-22 00:00:00,290.17199999999997,85968000.0
2017-09-23 00:00:00,290.645,86054400.0
2017-09-24 00:00:00,290.566,86140800.0
2017-09-25 00:00:00,290.154,86227200.0
2017-09-26 00:00:00,289.984,86313600.0
2017-09-27 00:00:00,290.455,86400000.0
2017-09-28 00:00:00,290.74699999999996,86486400.0
2017-09-29 00:00:00,290.417,86572800.0
2017-09-30 00:00:00,290.017,86659200.0
2017-10-01 00:00:00,289.15099999999995,86745600.0
2017-10-02 00:00:00,289.459,86832000.0
2017-10-03 00:00:00,289.726,86918400.0
2017-10-04 00:00:00,290.407,87004800.0
2017-10-05 00:00:00,290.921,87091200.0
2017-10-06 00:00:00,290.282,87177600.0
2017-10-07 00:00:00,288.644,87264000.0
2017-10-08 00:00:00,288.256,87350400.0
2017-10-09 00:00:00,288.445,87436800.0
2017-10-10 00:00:00,288.983,87523200.0
2017-10-11 00:00:00,289.33,87609600.0
2017-10-12 00:00:00,289.553,87696000.0
2017-10-13 00:00:00,289.74899999999997,87782400.0
2017-10-14 00:00:00,290.121,87868800.0
2017-10-15 00:00:00,290.606,87955200.0
2017-10-16 00:00:00,290.801,88041600.0
2017-10-17 00:00:00,290.393,88128000.0
2017-10-18 00:00:00,289.631,88214400.0
2017-10-19 00:00:00,288.935,88300800.0
2017-10-20 00:00:00,288.676,88387200.0
2017-10-21 00:00:00,288.729,88473600.0
2017-10-22 00:00:00,288.10999999999996,88560000.0
2017-10-23 00:00:00,286.60699999999997,88646400.0
2017-10-24 00:00:00,286.455,88732800.0
2017-10-25 00:00:00,286.818,88819200.0
2017-10-26 00:00:00,287.642,88905600.0
2017-10-27 00:00:00,287.633,88992000.0
2017-10-28 00:00:00,286.76399999999995,89078400.0
2017-10-29 00:00:00,286.496,89164800.0
2017-10-30 00:00:00,285.943,89251200.0
2017-10-31 00:00:00,285.419,89337600.0
2017-11-01 00:00:00,285.19899999999996,89424000.0
2017-11-02 00:00:00,285.20799999999997,89510400.0
2017-11-03 00:00:00,285.796,89596800.0
2017-11-04 00:00:00,285.686,89683200.0
2017-11-05 00:00:00,285.25399999999996,89769600.0
2017-11-06 00:00:00,283.95,89856000.0
2017-11-07 00:00:00,282.73699999999997,89942400.0
2017-11-08 00:00:00,282.75,90028800.0
2017-11-09 00:00:00,282.87699999999995,90115200.0
2017-11-10 00:00:00,283.24399999999997,90201600.0
2017-11-11 00:00:00,283.23499999999996,90288000.0
2017-11-12 00:00:00,283.42999999999995,90374400.0
2017-11-13 00:00:00,281.988,90460800.0
2017-11-14 00:00:00,280.933,90547200.0
2017-11-15 00:00:00,280.98999999999995,90633600.0
2017-11-16 00:00:00,281.613,90720000.0
2017-11-17 00:00:00,282.15799999999996,90806400.0
2017-11-18 00:00:00,282.15599999999995,90892800.0
2017-11-19 00:00:00,281.66299999999995,90979200.0
2017-11-20 00:00:00,281.349,91065600.0
2017-11-21 00:00:00,281.83299999999997,91152000.0
2017-11-22 00:00:00,282.49699999999996,91238400.0
2017-11-23 00:00:00,282.945,91324800.0
2017-11-24 00:00:00,283.097,91411200.0
2017-11-25 00:00:00,282.881,91497600.0
2017-11-26 00:00:00,281.48499999999996,91584000.0
2017-11-27 00:00:00,279.604,91670400.0
2017-11-28 00:00:00,278.495,91756800.0
2017-11-29 00:00:00,278.90599999999995,91843200.0
2017-11-30 00:00:00,279.31899999999996,91929600.0
2017-12-01 00:00:00,278.42199999999997,92016000.0
2017-12-02 00:00:00,277.818,92102400.0
2017-12-03 00:00:00,277.26099999999997,92188800.0
2017-12-04 00:00:00,277.15299999999996,92275200.0
2017-12-05 00:00:00,277.84799999999996,92361600.0
2017-12-06 00:00:00,278.73999999999995,92448000.0
2017-12-07 00:00:00,279.20099999999996,92534400.0
2017-12-08 00:00:00,279.47999999999996,92620800.0
2017-12-09 00:00:00,278.197,92707200.0
2017-12-10 00:00:00,276.948,92793600.0
2017-12-11 00:00:00,278.993,92880000.0
2017-12-12 00:00:00,280.56199999999995,92966400.0
2017-12-13 00:00:00,279.972,93052800.0
2017-12-14 00:00:00,279.738,93139200.0
2017-12-15 00:00:00,279.85999999999996,93225600.0
2017-12-16 00:00:00,278.772,93312000.0
2017-12-17 00:00:00,277.411,93398400.0
2017-12-18 00:00:00,276.018,93484800.0
2017-12-19 00:00:00,275.44599999999997,93571200.0
2017-12-20 00:00:00,275.286,93657600.0
2017-12-21 00:00:00,275.472,93744000.0
2017-12-22 00:00:00,276.61499999999995,93830400.0
2017-12-23 00:00:00,278.01599999999996,93916800.0
2017-12-24 00:00:00,279.2,94003200.0
2017-12-25 00:00:00,279.563,94089600.0
2017-12-26 00:00:00,279.311,94176000.0
2017-12-27 00:00:00,279.239,94262400.0
2017-12-28 00:00:00,278.096,94348800.0
2017-12-29 00:00:00,277.017,94435200.0
2017-12-30 00:00:00,277.16299999999995,94521600.0
2017-12-31 00:00:00,278.349,94608000.0
2018-01-01 00:00:00,278.964,94694400.0
2018-01-02 00:00:00,279.005,94780800.0
2018-01-03 00:00:00,279.28,94867200.0
2018-01-04 00:00:00,280.05899999999997,94953600.0
2018-01-05 00:00:00,280.703,95040000.0
2018-01-06 00:00:00,281.072,95126400.0
2018-01-07 00:00:00,281.49699999999996,95212800.0
2018-01-08 00:00:00,282.34799999999996,95299200.0
2018-01-09 00:00:00,282.40599999999995,95385600.0
2018-01-10 00:00:00,281.229,95472000.0
2018-01-11 00:00:00,280.12,95558400.0
2018-01-12 00:00:00,279.339,95644800.0
2018-01-13 00:00:00,278.976,95731200.0
2018-01-14 00:00:00,278.34,95817600.0
2018-01-15 00:00:00,278.087,95904000.0
2018-01-16 00:00:00,278.695,95990400.0
2018-01-17 00:00:00,279.291,96076800.0
2018-01-18 00:00:00,278.94599999999997,96163200.0
2018-01-19 00:00:00,279.515,96249600.0
2018-01-20 00:00:00,279.262,96336000.0
2018-01-21 00:00:00,279.661,96422400.0
2018-01-22 00:00:00,279.428,96508800.0
2018-01-23 00:00:00,279.666,96595200.0
2018-01-24 00:00:00,279.46299999999997,96681600.0
2018-01-25 00:00:00,279.53299999999996,96768000.0
2018-01-26 00:00:00,279.678,96854400.0
2018-01-27 00:00:00,280.347,96940800.0
2018-01-28 00:00:00,280.763,97027200.0
2018-01-29 00:00:00,280.772,97113600.0
2018-01-30 00:00:00,280.46799999999996,97200000.0
2018-01-31 00:00:00,280.09499999999997,97286400.0
2018-02-01 00:00:00,279.917,97372800.0
2018-02-02 00:00:00,280.007,97459200.0
2018-02-03 00:00:00,278.83099999999996,97545600.0
2018-02-04 00:00:00,277.96999999999997,97632000.0
2018-02-05 00:00:00,277.679,97718400.0
2018-02-06 00:00:00,277.83799999999997,97804800.0
2018-02-07 00:00:00,278.37,97891200.0
2018-02-08 00:00:00,278.71299999999997,97977600.0
2018-02-09 00:00:00,278.825,98064000.0
2018-02-10 00:00:00,278.28499999999997,98150400.0
2018-02-11 00:00:00,277.94399999999996,98236800.0
2018-02-12 00:00:00,277.606,98323200.0
2018-02-13 00:00:00,277.106,98409600.0
2018-02-14 00:00:00,276.558,98496000.0
2018-02-15 00:00:00,276.712,98582400.0
2018-02-16 00:00:00,278.11899999999997,98668800.0
2018-02-17 00:00:00,278.90299999999996,98755200.0
2018-02-18 00:00:00,279.063,98841600.0
2018-02-19 00:00:00,278.59799999999996,98928000.0
2018-02-20 00:00:00,277.84799999999996,99014400.0
2018-02-21 00:00:00,277.472,99100800.0
2018-02-22 00:00:00,277.183,99187200.0
2018-02-23 00:00:00,277.35699999999997,99273600.0
2018-02-24 00:00:00,278.465,99360000.0
2018-02-25 00:00:00,276.568,99446400.0
2018-02-26 00:00:00,274.16499999999996,99532800.0
2018-02-27 00:00:00,272.53499999999997,99619200.0
2018-02-28 00:00:00,272.589,99705600.0
2018-03-01 00:00:00,274.10299999999995,99792000.0
2018-03-02 00:00:00,276.484,99878400.0
2018-03-03 00:00:00,277.38899999999995,99964800.0
2018-03-04 00:00:00,278.416,100051200.0
2018-03-05 00:00:00,278.835,100137600.0
2018-03-06 00:00:00,279.308,100224000.0
2018-03-07 00:00:00,279.91499999999996,100310400.0
2018-03-08 00:00:00,280.828,100396800.0
2018-03-09 00:00:00,281.80199999999996,100483200.0
2018-03-10 00:00:00,282.14799999999997,100569600.0
2018-03-11 00:00:00,282.59499999999997,100656000.0
2018-03-12 00:00:00,282.608,100742400.0
2018-03-13 00:00:00,282.90299999999996,100828800.0
2018-03-14 00:00:00,282.89799999999997,100915200.0
2018-03-15 00:00:00,281.935,101001600.0
2018-03-16 00:00:00,282.94399999999996,101088000.0
2018-03-17 00:00:00,282.43399999999997,101174400.0
2018-03-18 00:00:00,281.15599999999995,101260800.0
2018-03-19 00:00:00,279.549,101347200.0
2018-03-20 00:00:00,279.123,101433600.0
2018-03-21 00:00:00,278.75,101520000.0
2018-03-22 00:00:00,278.131,101606400.0
2018-03-23 00:00:00,278.542,101692800.0
2018-03-24 00:00:00,279.147,101779200.0
2018-03-25 00:00:00,279.86699999999996,101865600.0
2018-03-26 00:00:00,281.167,101952000.0
2018-03-27 00:00:00,282.142,102038400.0
2018-03-28 00:00:00,283.01099999999997,102124800.0
2018-03-29 00:00:00,283.95399999999995,102211200.0
2018-03-30 00:00:00,284.792,102297600.0
2018-03-31 00:00:00,283.926,102384000.0
2018-04-01 00:00:00,283.698,102470400.0
2018-04-02 00:00:00,283.818,102556800.0
2018-04-03 00:00:00,284.027,102643200.0
2018-04-04 00:00:00,283.90799999999996,102729600.0
2018-04-05 00:00:00,284.88599999999997,102816000.0
2018-04-06 00:00:00,285.49899999999997,102902400.0
2018-04-07 00:00:00,286.28,102988800.0
2018-04-08 00:00:00,286.565,103075200.0
2018-04-09 00:00:00,285.558,103161600.0
2018-04-10 00:00:00,285.13,103248000.0
2018-04-11 00:00:00,285.08299999999997,103334400.0
2018-04-12 00:00:00,285.19,103420800.0
2018-04-13 00:00:00,285.84799999999996,103507200.0
2018-04-14 00:00:00,286.69,103593600.0
2018-04-15 00:00:00,287.387,103680000.0
2018-04-16 00:00:00,288.253,103766400.0
2018-04-17 00:00:00,288.65,103852800.0
2018-04-18 00:00:00,289.226,103939200.0
2018-04-19 00:00:00,289.938,104025600.0
2018-04-20 00:00:00,291.034,104112000.0
2018-04-21 00:00:00,291.57599999999996,104198400.0
2018-04-22 00:00:00,291.481,104284800.0
2018-04-23 00:00:00,291.33799999999997,104371200.0
2018-04-24 00:00:00,291.277,104457600.0
2018-04-25 00:00:00,291.532,104544000.0
2018-04-26 00:00:00,291.671,104630400.0
2018-04-27 00:00:00,291.412,104716800.0
2018-04-28 00:00:00,291.501,104803200.0
2018-04-29 00:00:00,291.81899999999996,104889600.0
2018-04-30 00:00:00,290.702,104976000.0
2018-05-01 00:00:00,288.94599999999997,105062400.0
2018-05-02 00:00:00,288.274,105148800.0
2018-05-03 00:00:00,288.332,105235200.0
2018-05-04 00:00:00,289.084,105321600.0
2018-05-05 00:00:00,289.719,105408000.0
2018-05-06 00:00:00,290.892,105494400.0
2018-05-07 00:00:00,290.741,105580800.0
2018-05-08 00:00:00,290.796,105667200.0
2018-05-09 00:00:00,290.166,105753600.0
2018-05-10 00:00:00,290.493,105840000.0
2018-05-11 00:00:00,291.084,105926400.0
2018-05-12 00:00:00,291.53099999999995,106012800.0
2018-05-13 00:00:00,291.25199999999995,106099200.0
2018-05-14 00:00:00,289.282,106185600.0
2018-05-15 00:00:00,287.269,106272000.0
2018-05-16 00:00:00,287.575,106358400.0
2018-05-17 00:00:00,288.712,106444800.0
2018-05-18 00:00:00,290.07099999999997,106531200.0
2018-05-19 00:00:00,290.98699999999997,106617600.0
2018-05-20 00:00:00,291.49399999999997,106704000.0
2018-05-21 00:00:00,291.745,106790400.0
2018-05-22 00:00:00,291.296,106876800.0
2018-05-23 00:00:00,291.229,106963200.0
2018-05-24 00:00:00,292.46,107049600.0
2018-05-25 00:00:00,293.876,107136000.0
2018-05-26 00:00:00,294.811,107222400.0
2018-05-27 00:00:00,294.986,107308800.0
2018-05-28 00:00:00,294.59299999999996,107395200.0
2018-05-29 00:00:00,295.034,107481600.0
2018-05-30 00:00:00,294.897,107568000.0
2018-05-31 00:00:00,294.846,107654400.0
2018-06-01 00:00:00,294.709,107740800.0
2018-06-02 00:00:00,295.037,107827200.0
2018-06-03 00:00:00,295.794,107913600.0
2018-06-04 00:00:00,295.097,108000000.0
2018-06-05 00:00:00,294.50699999999995,108086400.0
2018-06-06 00:00:00,294.34999999999997,108172800.0
2018-06-07 00:00:00,294.67199999999997,108259200.0
2018-06-08 00:00:00,294.00699999999995,108345600.0
2018-06-09 00:00:00,294.40099999999995,108432000.0
2018-06-10 00:00:00,295.262,108518400.0
2018-06-11 00:00:00,296.186,108604800.0
2018-06-12 00:00:00,295.88399999999996,108691200.0
2018-06-13 00:00:00,294.03799999999995,108777600.0
2018-06-14 00:00:00,293.53999999999996,108864000.0
2018-06-15 00:00:00,293.59999999999997,108950400.0
2018-06-16 00:00:00,294.7,109036800.0
2018-06-17 00:00:00,295.662,109123200.0
2018-06-18 00:00:00,295.955,109209600.0
2018-06-19 00:00:00,296.589,109296000.0
2018-06-20 00:00:00,296.71,109382400.0
2018-06-21 00:00:00,297.012,109468800.0
2018-06-22 00:00:00,295.76,109555200.0
2018-06-23 00:00:00,294.462,109641600.0
2018-06-24 00:00:00,293.7,109728000.0
2018-06-25 00:00:00,293.178,109814400.0
2018-06-26 00:00:00,293.47999999999996,109900800.0
2018-06-27 00:00:00,294.30499999999995,109987200.0
2018-06-28 00:00:00,294.30699999999996,110073600.0
2018-06-29 00:00:00,295.527,110160000.0
2018-06-30 00:00:00,297.203,110246400.0
2018-07-01 00:00:00,297.707,110332800.0
2018-07-02 00:00:00,297.731,110419200.0
2018-07-03 00:00:00,297.763,110505600.0
2018-07-04 00:00:00,297.82599999999996,110592000.0
2018-07-05 00:00:00,297.794,110678400.0
2018-07-06 00:00:00,297.29499999999996,110764800.0
2018-07-07 00:00:00,297.578,110851200.0
2018-07-08 00:00:00,297.55699999999996,110937600.0
2018-07-09 00:00:00,297.435,111024000.0
2018-07-10 00:00:00,297.144,111110400.0
2018-07-11 00:00:00,296.661,111196800.0
2018-07-12 00:00:00,296.827,111283200.0
2018-07-13 00:00:00,297.935,111369600.0
2018-07-14 00:00:00,298.774,111456000.0
2018-07-15 00:00:00,298.666,111542400.0
2018-07-16 00:00:00,297.49899999999997,111628800.0
2018-07-17 00:00:00,297.457,111715200.0
2018-07-18 00:00:00,298.23199999999997,111801600.0
2018-07-19 00:00:00,298.792,111888000.0
2018-07-20 00:00:00,298.806,111974400.0
2018-07-21 00:00:00,297.736,112060800.0
2018-07-22 00:00:00,297.66499999999996,112147200.0
2018-07-23 00:00:00,297.07899999999995,112233600.0
2018-07-24 00:00:00,297.972,112320000.0
2018-07-25 00:00:00,298.542,112406400.0
2018-07-26 00:00:00,298.76099999999997,112492800.0
2018-07-27 00:00:00,298.544,112579200.0
2018-07-28 00:00:00,298.582,112665600.0
2018-07-29 00:00:00,299.21999999999997,112752000.0
2018-07-30 00:00:00,300.277,112838400.0
2018-07-31 00:00:00,301.001,112924800.0
2018-08-01 00:00:00,301.246,113011200.0
2018-08-02 00:00:00,300.316,113097600.0
2018-08-03 00:00:00,299.428,113184000.0
2018-08-04 00:00:00,299.447,113270400.0
2018-08-05 00:00:00,299.75899999999996,113356800.0
2018-08-06 00:00:00,300.02799999999996,113443200.0
2018-08-07 00:00:00,299.804,113529600.0
2018-08-08 00:00:00,299.37699999999995,113616000.0
2018-08-09 00:00:00,299.256,113702400.0
2018-08-10 00:00:00,299.12699999999995,113788800.0
2018-08-11 00:00:00,299.275,113875200.0
2018-08-12 00:00:00,298.83,113961600.0
2018-08-13 00:00:00,298.173,114048000.0
2018-08-14 00:00:00,296.78999999999996,114134400.0
2018-08-15 00:00:00,296.472,114220800.0
2018-08-16 00:00:00,296.957,114307200.0
2018-08-17 00:00:00,297.58599999999996,114393600.0
2018-08-18 00:00:00,297.899,114480000.0
2018-08-19 00:00:00,298.07599999999996,114566400.0
2018-08-20 00:00:00,298.15099999999995,114652800.0
2018-08-21 00:00:00,298.455,114739200.0
2018-08-22 00:00:00,298.409,114825600.0
2018-08-23 00:00:00,298.08099999999996,114912000.0
2018-08-24 00:00:00,297.459,114998400.0
2018-08-25 00:00:00,295.90099999999995,115084800.0
2018-08-26 00:00:00,294.116,115171200.0
2018-08-27 00:00:00,293.692,115257600.0
2018-08-28 00:00:00,295.311,115344000.0
2018-08-29 00:00:00,296.292,115430400.0
2018-08-30 00:00:00,296.445,115516800.0
2018-08-31 00:00:00,295.395,115603200.0
2018-09-01 00:00:00,294.318,115689600.0
2018-09-02 00:00:00,293.42699999999996,115776000.0
2018-09-03 00:00:00,293.56899999999996,115862400.0
2018-09-04 00:00:00,294.30199999999996,115948800.0
2018-09-05 00:00:00,295.31199999999995,116035200.0
2018-09-06 00:00:00,295.654,116121600.0
2018-09-07 00:00:00,294.911,116208000.0
2018-09-08 00:00:00,295.349,116294400.0
2018-09-09 00:00:00,295.842,116380800.0
2018-09-10 00:00:00,296.31399999999996,116467200.0
2018-09-11 00:00:00,296.768,116553600.0
2018-09-12 00:00:00,297.058,116640000.0
2018-09-13 00:00:00,295.80199999999996,116726400.0
2018-09-14 00:00:00,295.856,116812800.0
2018-09-15 00:00:00,295.79699999999997,116899200.0
2018-09-16 00:00:00,295.75899999999996,116985600.0
2018-09-17 00:00:00,295.472,117072000.0
2018-09-18 00:00:00,295.544,117158400.0
2018-09-19 00:00:00,295.31899999999996,117244800.0
2018-09-20 00:00:00,295.453,117331200.0
2018-09-21 00:00:00,295.5,117417600.0
2018-09-22 00:00:00,295.513,117504000.0
2018-09-23 00:00:00,295.53299999999996,117590400.0
2018-09-24 00:00:00,294.23299999999995,117676800.0
2018-09-25 00:00:00,291.488,117763200.0
2018-09-26 00:00:00,289.24399999999997,117849600.0
2018-09-27 00:00:00,289.424,117936000.0
2018-09-28 00:00:00,290.918,118022400.0
2018-09-29 00:00:00,291.659,118108800.0
2018-09-30 00:00:00,291.05699999999996,118195200.0
2018-10-01 00:00:00,289.724,118281600.0
2018-10-02 00:00:00,288.803,118368000.0
2018-10-03 00:00:00,289.20599999999996,118454400.0
2018-10-04 00:00:00,290.048,118540800.0
2018-10-05 00:00:00,290.215,118627200.0
2018-10-06 00:00:00,289.917,118713600.0
2018-10-07 00:00:00,290.313,118800000.0
2018-10-08 00:00:00,290.849,118886400.0
2018-10-09 00:00:00,291.12199999999996,118972800.0
2018-10-10 00:00:00,290.905,119059200.0
2018-10-11 00:00:00,290.154,119145600.0
2018-10-12 00:00:00,290.76099999999997,119232000.0
2018-10-13 00:00:00,290.43699999999995,119318400.0
2018-10-14 00:00:00,289.947,119404800.0
2018-10-15 00:00:00,289.678,119491200.0
2018-10-16 00:00:00,289.678,119577600.0
2018-10-17 00:00:00,289.94899999999996,119664000.0
2018-10-18 00:00:00,290.50199999999995,119750400.0
2018-10-19 00:00:00,290.816,119836800.0
2018-10-20 00:00:00,290.664,119923200.0
2018-10-21 00:00:00,289.23199999999997,120009600.0
2018-10-22 00:00:00,287.171,120096000.0
2018-10-23 00:00:00,286.907,120182400.0
2018-10-24 00:00:00,288.17999999999995,120268800.0
2018-10-25 00:00:00,288.709,120355200.0
2018-10-26 00:00:00,288.99399999999997,120441600.0
2018-10-27 00:00:00,289.01,120528000.0
2018-10-28 00:00:00,288.86899999999997,120614400.0
2018-10-29 00:00:00,288.44199999999995,120700800.0
2018-10-30 00:00:00,286.349,120787200.0
2018-10-31 00:00:00,285.661,120873600.0
2018-11-01 00:00:00,286.20399999999995,120960000.0
2018-11-02 00:00:00,286.32399999999996,121046400.0
2018-11-03 00:00:00,286.95399999999995,121132800.0
2018-11-04 00:00:00,287.04699999999997,121219200.0
2018-11-05 00:00:00,287.02599999999995,121305600.0
2018-11-06 00:00:00,287.03299999999996,121392000.0
2018-11-07 00:00:00,286.481,121478400.0
2018-11-08 00:00:00,286.2,121564800.0
2018-11-09 00:00:00,285.868,121651200.0
2018-11-10 00:00:00,285.58599999999996,121737600.0
2018-11-11 00:00:00,285.76,121824000.0
2018-11-12 00:00:00,286.104,121910400.0
2018-11-13 00:00:00,286.019,121996800.0
2018-11-14 00:00:00,285.60999999999996,122083200.0
2018-11-15 00:00:00,284.96299999999997,122169600.0
2018-11-16 00:00:00,283.561,122256000.0
2018-11-17 00:00:00,281.818,122342400.0
2018-11-18 00:00:00,280.54699999999997,122428800.0
2018-11-19 00:00:00,279.62699999999995,122515200.0
2018-11-20 00:00:00,280.57599999999996,122601600.0
2018-11-21 00:00:00,281.195,122688000.0
2018-11-22 00:00:00,282.20799999999997,122774400.0
2018-11-23 00:00:00,282.137,122860800.0
2018-11-24 00:00:00,283.106,122947200.0
2018-11-25 00:00:00,282.977,123033600.0
2018-11-26 00:00:00,282.554,123120000.0
2018-11-27 00:00:00,281.698,123206400.0
2018-11-28 00:00:00,280.431,123292800.0
2018-11-29 00:00:00,279.532,123379200.0
2018-11-30 00:00:00,278.70399999999995,123465600.0
2018-12-01 00:00:00,279.289,123552000.0
2018-12-02 00:00:00,279.96,123638400.0
2018-12-03 00:00:00,281.07599999999996,123724800.0
2018-12-04 00:00:00,282.20799999999997,123811200.0
2018-12-05 00:00:00,282.18699999999995,123897600.0
2018-12-06 00:00:00,281.816,123984000.0
2018-12-07 00:00:00,281.65799999999996,124070400.0
2018-12-08 00:00:00,281.57899999999995,124156800.0
2018-12-09 00:00:00,281.298,124243200.0
2018-12-10 00:00:00,280.77099999999996,124329600.0
2018-12-11 00:00:00,279.599,124416000.0
2018-12-12 00:00:00,278.323,124502400.0
2018-12-13 00:00:00,277.573,124588800.0
2018-12-14 00:00:00,277.577,124675200.0
2018-12-15 00:00:00,276.846,124761600.0
2018-12-16 00:00:00,276.519,124848000.0
2018-12-17 00:00:00,277.154,124934400.0
2018-12-18 00:00:00,277.32099999999997,125020800.0
2018-12-19 00:00:00,277.13399999999996,125107200.0
2018-12-20 00:00:00,277.66299999999995,125193600.0
2018-12-21 00:00:00,278.185,125280000.0
2018-12-22 00:00:00,279.529,125366400.0
2018-12-23 00:00:00,280.66299999999995,125452800.0
2018-12-24 00:00:00,281.32399999999996,125539200.0
2018-12-25 00:00:00,279.753,125625600.0
2018-12-26 00:00:00,278.57,125712000.0
2018-12-27 00:00:00,278.419,125798400.0
2018-12-28 00:00:00,278.911,125884800.0
2018-12-29 00:00:00,279.59299999999996,125971200.0
2018-12-30 00:00:00,279.703,126057600.0
2018-12-31 00:00:00,279.411,126144000.0
